,Name,Volume,Country,Availability,Price,Original Price
0,BORDEAUX - CLARENDELLE 2015,750 ml,France,In Stock,$29.99,$29.99 
0,BORDEAUX - MOUTON CADET,750 ml,France,In Stock,$16.99,$16.99 
0,BORDEAUX - CHATEAU DE COURTEILLAC,750 ml,France,In Stock,$15.99,$15.99 
0,BORDEAUX - CHATEAU D'AIGUILHE 2018,750 ml,France,In Stock,$60.00,$60.00 
0,BORDEAUX BLANC - CLARENDELLE 2019,750 ml,France,In Stock,$30.99,$30.99 
0,BORDEAUX BLANC - MOUTON CADET,750 ml,France,In Stock,$15.99,$15.99 
0,BORDEAUX - CHATEAU CROIX MOUTON 2018,750 ml,France,In Stock,$32.00,$32.00 
0,BORDEAUX - CHATEAU MARJOSSE ROUGE 2018,750 ml,France,In Stock,$30.00,$30.00 
0,BORDEAUX - LE DEFI DE FONTENIL 2018,750 ml,France,In Stock,$160.00,$160.00 
0,BORDEAUX ROUGE - JEAN PIERRE MOUEIX 2016,750 ml,France,In Stock,$19.99,$19.99 
0,BORDEAUX BLANC - Y D 'YQUEM 2016,750 ml,France,In Stock,$300.00,$300.00 
0,BORDEAUX - CHATEAU PEY LA TOUR 2017,750 ml,France,In Stock,$19.99,$19.99 
0,BORDEAUX BLANC - CHATEAU REYNON 2014,750 ml,France,In Stock,$29.00,$29.00 
0,BORDEAUX - CHATEAU SAINT BERNARD 2018,750 ml,France,In Stock,$25.00,$25.00 
0,BORDEAUX SUPERIEUR - CHATEAU CANADA 2018,750 ml,France,In Stock,$20.99,$20.99 
0,BORDEAUX - MOUTON CADET HERITAGE EDITION 2017,750 ml,France,In Stock,$22.99,$24.99
0,BORDEAUX ROSE - CHATEAU BROWN 2016,750 ml,France,In Stock,$39.99,$39.99 
0,BORDEAUX 2017 DUCLOT COLLECTION CASE9 x ,750 ml,France,In Stock,$18000.00,$18000.00 
0,BORDEAUX BLANC - AILE D'ARGENT 2018,750 ml,France,In Stock,$200.00,$200.00 
0,CASTILLON COTES DE BORDEAUX - CHATEAU DE BELCIER 2010,750 ml,France,In Stock,$33.99,$33.99 
0,COTES DE BORDEAUX CADILLAC - CHATEAU CARIGNAN PRIMA 2015,750 ml,France,In Stock,$45.00,$45.00 
0,BORDEAUX - ALTO DE CANTENAC BROWN BLANC 2018,750 ml,France,In Stock,$55.00,$55.00 
0,CASTILLON COTES DE BORDEAUX - CHATEAU JOANIN BECOT 2017,750 ml,France,In Stock,$50.00,$50.00 
0,CASTILLON COTES DE BORDEAUX - CHATEAU DE BELCIER MAGNUM 2010,1.5 L,France,In Stock,$65.99,$65.99 
0,CADILLAC-COTES DE BORDEAUX CHATEAU CARIGNAN PRIMA 2016,750 ml,France,In Stock,$45.00,$45.00 
0,ABERFELDY - 18 YEAR OLD PAUILLAC BORDEAUX CASK FINISH,750 ml,United Kingdom,Available on Nov 13,$219.99,$219.99 
0,BORDEAUX SUPERIEUR - CHATEAU PEY LA TOUR RES DU CHATEAU 2016,750 ml,France,In Stock,$27.99,$27.99 
0,CHILEAN RED - SENA ACONCAGUA 2017,750 ml,Chile,In Stock,$219.99,$219.99 
0,NAPA VALLEY RED - OPUS ONE 2007,750 ml,USA,In Stock,$820.00,$820.00 
0,NAPA VALLEY RED - OPUS ONE 2005,750 ml,USA,In Stock,$820.00,$820.00 
0,NAPA VALLEY RED - OPUS ONE 2012,750 ml,USA,In Stock,$690.00,$690.00 
0,CHILEAN RED - CLOS APALTA COLCHAGUA 2016,6 L,Chile,In Stock,$1389.00,$1389.00 
0,CHILEAN RED - CLOS APALTA COLCHAGUA 2016,3 L,Chile,In Stock,$720.00,$720.00 
0,CHILEAN RED - SENA ACONCAGUA 2017,1.5 L,Chile,In Stock,$469.99,$469.99 
0,CHILEAN RED - CLOS APALTA COLCHAGUA 2016,750 ml,Chile,In Stock,$174.99,$174.99 
0,NAPA VALLEY RED - OPUS ONE 2012,1.5 L,USA,In Stock,$1480.00,$1480.00 
0,NAPA VALLEY RED - OPUS ONE 2009,750 ml,USA,In Stock,$770.00,$770.00 
0,NAPA VALLEY RED - OPUS ONE 2010,750 ml,USA,In Stock,$710.00,$710.00 
0,CHILEAN RED - CLOS APALTA COLCHAGUA 2016,1.5 L,Chile,In Stock,$359.99,$359.99 
0,POPLAR GROVE - THE LEGACY 2016,750 ml,Canada,In Stock,$60.99,$60.99 
0,CREATIVE BLOCK 5 - SPIER COASTAL,750 ml,South Africa,In Stock,$34.99,$34.99 
0,PUENTE ALTA RED - ROTHSCHILD CONCHA Y TORO ALMAVIVA 2018,750 ml,Chile,In Stock,$249.99,$249.99 
0,PUENTE ALTA RED - ROTHSCHILD CONCHA Y TORO ALMAVIVA 2017,1.5 L,Chile,In Stock,$550.00,$550.00 
0,PUENTE ALTA RED - ROTHSCHILD CONCHA Y TORO ALMAVIVA 2018,1.5 L,Chile,In Stock,$520.00,$520.00 
0,CULMINA - THESIS GOLDEN MILE BENCH 2013,750 ml,Canada,In Stock,$43.99,$43.99 
0,PUENTA ALTA RED - ROTHSCHILD CONCHA Y TORO ALMAVIVA 2017,1.5 L,Chile,In Stock,$550.00,$550.00 
0,PUENTE ALTA RED - ROTHSCHILD CONCHA Y TORO ALMAVIVA 2017,750 ml,Chile,In Stock,$259.99,$259.99 
0,PUENTA ALTA RED - ROTHSCHILD CONCHA Y TORO ALMAVIVA 2018,1.5 L,Chile,In Stock,$520.00,$520.00 
0,PUENTA ALTA RED - ROTHSCHILD CONCHA Y TORO ALMAVIVA 2018,750 ml,Chile,In Stock,$249.99,$249.99 
0,GRAVES - CLOS FLORIDENE BLANC 2017,750 ml,France,In Stock,$45.00,$45.00 
0,PESSAC LEOGNAN - CHATEAU HAUT BAILLY 2008,750 ml,France,In Stock,$319.99,$319.99 
0,ST JULIEN - CHATEAU BRANAIRE DUCRU 2000,750 ml,France,In Stock,$325.99,$325.99 
0,POMEROL - CHATEAU L'EVANGILE 2017,750 ml,France,In Stock,$550.00,$550.00 
0,ST JULIEN - CHATEAU DUCRU BEAUCAILLOU 2017,750 ml,France,In Stock,$375.00,$375.00 
0,PESSAC-LEOGNAN - CHATEAU LE PAPE 2017,750 ml,France,In Stock,$65.00,$65.00 
0,PAUILLAC - CHATEAU LAFITE ROTHSCHILD MAGNUM 1988,1.5 L,France,In Stock,$5000.00,$5000.00 
0,SAINT EMILION - CHATEAU MONBOUSQUET 2015,750 ml,France,In Stock,$135.99,$135.99 
0,MARGAUX - CHATEAU MARGAUX 2018,750 ml,France,In Stock,$1500.00,$1500.00 
0,ST. EMILION - CHATEAU CLOS DE SARPE 2001,750 ml,France,In Stock,$359.99,$359.99 
0,PAUILLAC - CHATEAU LAFITE ROTHSCHILD MAGNUM 2000,1.5 L,France,In Stock,$8600.00,$8600.00 
0,MOULIS - CHATEAU BRILLETTE 2009,750 ml,France,In Stock,$53.99,$53.99 
0,FRONSAC - CHATEAU DE CARLES 2015,750 ml,France,In Stock,$34.99,$34.99 
0,FRONSAC - CHATEAU HAUT CARLES 2015,750 ml,France,In Stock,$64.99,$64.99 
0,CADILLAC - CHATEAU SUAU 2010,750 ml,France,In Stock,$39.99,$39.99 
0,PAUILLAC - CHATEAU LATOUR 2008,750 ml,France,In Stock,$1300.00,$1300.00 
0,CHATEAU LES GRANDS CHENES 2016,750 ml,France,In Stock,$45.00,$45.00 
0,PAUILLAC - CHATEAU LATOUR 2013,750 ml,France,In Stock,$1200.00,$1200.00 
0,NAPA VALLEY RED - BOND ST EDEN 2014,750 ml,USA,In Stock,$889.00,$889.00 
0,MISSION HILL FAMILY ESTATE - OCULUS 2016,750 ml,Canada,In Stock,$167.99,$167.99 
0,MISSION HILL - OCULUS 2013,1.5 L,Canada,In Stock,$359.99,$359.99 
0,BOLGHERI SUPERIORE - ORNELLAIA 2016,750 ml,Italy,In Stock,$139.99,$139.99 
0,TINHORN CREEK - THE CREEK 2018,750 ml,Canada,In Stock,$34.99,$34.99 
